product_id,event_type,count
P00980,purchase,6
P00762,view,43
P00761,add_to_cart,10
P00467,add_to_cart,14
P00780,add_to_cart,10
P00920,view,41
P00489,add_to_cart,8
P00798,view,34
P00225,view,36
P00654,view,42
P00236,purchase,4
P00895,view,33
P00145,view,37
P00771,view,34
P00085,purchase,4
P00155,add_to_cart,11
P00011,add_to_cart,11
P00472,view,34
P00105,view,26
P00683,view,30
P00333,view,32
P00581,view,34
P00682,view,41
P00329,add_to_cart,12
P00871,view,27
P00328,view,29
P00033,purchase,4
P00583,view,34
P00556,add_to_cart,13
P00997,view,34
P00550,add_to_cart,18
P00024,add_to_cart,13
P00461,view,42
P00286,purchase,6
P00209,view,52
P00564,view,30
P00549,view,27
P00623,view,39
P00203,view,32
P00024,view,38
P00675,view,35
P00846,view,28
P00979,view,36
P00247,view,39
P00494,view,38
P00108,view,34
P00664,view,29
P00834,view,33
P00323,add_to_cart,16
P00690,view,28
P00120,view,38
P00919,view,36
P00428,view,33
P00021,view,29
P00796,view,29
P00890,view,33
P00474,view,41
P00355,view,32
P00459,view,44
P00295,view,40
P00192,view,36
P00779,view,34
P00636,add_to_cart,13
P00785,add_to_cart,6
P00132,view,35
P00454,view,33
P00539,add_to_cart,12
P00774,view,26
P00911,view,27
P00116,add_to_cart,12
P00757,view,36
P00463,purchase,6
P00051,view,42
P00973,view,31
P00025,view,32
P00845,view,30
P00944,view,30
P00378,view,33
P00642,purchase,10
P00987,view,38
P00565,add_to_cart,5
P00691,view,41
P00031,view,38
P00302,view,38
P00516,view,38
P00080,view,32
P00183,view,42
P00049,view,45
P00641,view,43
P00416,view,41
P00811,add_to_cart,11
P00605,view,35
P00140,add_to_cart,11
P00296,purchase,4
P00477,view,42
P00667,purchase,8
P00948,view,47
P00018,purchase,10
P00656,view,40
P00849,view,23
P00972,view,31
P00877,purchase,6
P00180,view,47
P00730,view,38
P00681,add_to_cart,14
P00760,view,38
P00643,view,42
P00208,purchase,4
P00182,view,27
P00072,view,38
P00197,view,40
P00308,view,39
P00350,add_to_cart,6
P00320,purchase,7
P00777,purchase,5
P00386,view,39
P00648,view,34
P00307,view,23
P00149,view,42
P00056,view,20
P00259,view,41
P00640,add_to_cart,17
P00536,view,34
P00115,view,41
P00715,view,33
P00205,view,41
P00841,view,32
P00235,view,35
P00766,purchase,5
P00562,view,38
P00540,purchase,8
P00850,view,36
P00781,view,48
P00885,add_to_cart,11
P00403,view,40
P00567,add_to_cart,13
P00801,view,31
P00495,purchase,7
P00310,add_to_cart,2
P00584,view,35
P00391,view,40
P00996,view,35
P00755,view,22
P00945,view,28
P00123,view,42
P00410,view,36
P00321,view,36
P00672,view,37
P00074,purchase,6
P00842,view,30
P00644,add_to_cart,11
P00988,add_to_cart,9
P00662,view,32
P00925,view,43
P00402,view,42
P00801,add_to_cart,11
P00637,view,54
P00957,add_to_cart,11
P00490,view,48
P00219,add_to_cart,13
P00257,view,46
P00263,view,29
P00021,purchase,4
P00092,add_to_cart,10
P01000,add_to_cart,9
P00289,view,40
P00580,view,43
P00148,view,34
P00373,purchase,5
P00212,view,40
P00137,view,37
P00442,view,35
P00848,view,44
P00408,view,34
P00156,view,44
P00412,view,26
P00848,add_to_cart,8
P00325,view,30
P00003,view,36
P00963,add_to_cart,13
P00864,view,28
P00935,view,33
P00749,view,33
P00887,view,43
P00110,view,24
P00212,add_to_cart,15
P00876,view,33
P00529,view,39
P00079,view,45
P00498,add_to_cart,7
P00792,view,31
P00971,view,31
P00242,view,40
P00820,view,33
P00295,purchase,5
P00928,view,31
P00001,add_to_cart,10
P00339,add_to_cart,13
P00443,add_to_cart,7
P00559,view,35
P00831,add_to_cart,12
P00775,view,30
P00312,view,26
P00702,view,38
P00804,view,36
P00239,add_to_cart,14
P00828,view,45
P00387,view,39
P00215,purchase,4
P00335,view,36
P00540,view,37
P00739,view,27
P00253,view,45
P00740,view,34
P00697,view,40
P00955,view,30
P00758,view,50
P00602,view,29
P00843,view,35
P00125,add_to_cart,12
P00417,view,30
P00615,view,34
P00179,view,29
P00375,purchase,8
P00224,view,27
P00468,view,37
P00350,view,37
P00651,view,35
P00812,view,33
P00399,view,36
P00584,add_to_cart,11
P00141,view,29
P00184,add_to_cart,14
P00106,purchase,9
P00837,view,40
P00344,view,33
P00037,view,34
P00525,view,34
P00789,view,39
P00607,view,36
P00769,add_to_cart,12
P00256,view,38
P00578,view,39
P00338,view,41
P00548,view,35
P00181,add_to_cart,12
P00595,view,39
P00814,view,38
P00556,view,41
P00017,view,45
P00383,add_to_cart,9
P00127,view,43
P00398,view,43
P00102,view,31
P00094,view,37
P00210,purchase,3
P00971,purchase,8
P00793,view,38
P00139,add_to_cart,7
P00931,purchase,5
P00890,add_to_cart,10
P00411,view,30
P00371,view,36
P00815,purchase,8
P00218,add_to_cart,15
P00101,view,37
P00509,view,35
P00534,purchase,7
P00571,view,29
P00981,view,35
P00258,view,43
P00718,view,26
P00450,view,45
P00988,view,24
P00471,view,39
P00255,view,43
P00271,view,29
P00969,purchase,3
P00900,view,31
P00932,view,40
P00606,add_to_cart,14
P00335,add_to_cart,8
P00357,add_to_cart,14
P00457,view,34
P00375,view,39
P00823,view,34
P00505,view,36
P00718,add_to_cart,9
P00220,view,34
P00531,view,31
P00835,view,24
P00571,add_to_cart,10
P00530,view,45
P00838,view,36
P00647,view,31
P00598,purchase,5
P00401,view,30
P00439,view,41
P00999,view,32
P00047,view,29
P00390,view,34
P00397,view,29
P00012,add_to_cart,13
P00433,view,36
P00742,view,43
P00367,purchase,4
P00505,add_to_cart,9
P00724,view,37
P00150,view,36
P00441,view,22
P00594,purchase,6
P00786,view,41
P00368,view,32
P00207,add_to_cart,11
P00373,view,27
P00297,view,28
P00755,add_to_cart,10
P00721,view,20
P00878,view,36
P00967,view,38
P00254,add_to_cart,11
P00406,view,31
P00329,view,29
P00106,view,44
P00004,add_to_cart,13
P00713,view,29
P00028,view,31
P00539,view,28
P00892,purchase,5
P00084,view,34
P00694,add_to_cart,10
P00481,view,35
P00958,add_to_cart,12
P00213,view,38
P00232,view,45
P00671,purchase,3
P00247,add_to_cart,9
P00759,view,33
P00097,view,36
P00233,add_to_cart,16
P00172,view,40
P00418,view,29
P00907,view,28
P00265,view,31
P00077,view,33
P00874,view,41
P00544,view,49
P00662,purchase,4
P00173,view,32
P00597,view,35
P00100,view,24
P00382,add_to_cart,11
P00376,view,41
P00040,view,29
P00464,view,26
P00204,view,32
P00766,view,46
P00449,view,31
P00961,view,28
P00311,view,27
P00195,view,40
P00050,view,40
P00292,view,42
P00928,purchase,5
P00954,view,43
P00685,view,37
P00979,purchase,8
P00714,view,39
P00453,view,35
P00843,add_to_cart,10
P00894,view,32
P00295,add_to_cart,11
P00393,add_to_cart,11
P00658,add_to_cart,4
P00622,view,32
P00181,view,30
P00874,add_to_cart,12
P00240,view,37
P00710,view,37
P00218,view,35
P00600,view,44
P00763,view,37
P00964,purchase,3
P00759,add_to_cart,11
P00098,view,32
P00687,view,35
P00914,view,38
P00568,view,33
P00808,view,45
P00689,add_to_cart,10
P00899,view,33
P00222,view,26
P00082,view,32
P00684,view,38
P00090,add_to_cart,13
P00613,purchase,5
P00352,view,37
P00581,add_to_cart,12
P00853,view,29
P00996,add_to_cart,7
P00992,view,39
P00698,view,40
P00748,view,28
P00128,view,31
P00891,view,37
P00772,add_to_cart,10
P00708,view,44
P00731,add_to_cart,12
P00598,view,28
P00088,view,37
P00331,add_to_cart,11
P00832,view,29
P00520,view,26
P00517,view,18
P00177,view,38
P00620,view,42
P00503,view,35
P00638,view,40
P00174,view,38
P00058,view,32
P00125,view,58
P00687,add_to_cart,11
P00575,view,35
P00104,view,37
P00194,view,44
P00594,add_to_cart,11
P00456,view,32
P00965,add_to_cart,4
P00070,view,43
P00692,add_to_cart,8
P00931,view,39
P00478,view,36
P00528,add_to_cart,10
P00018,view,31
P00553,view,47
P00901,view,38
P00904,view,22
P00924,add_to_cart,7
P00223,view,43
P00994,view,32
P00413,add_to_cart,9
P00680,view,39
P00795,add_to_cart,14
P00915,view,35
P00294,purchase,5
P00495,view,48
P00546,view,29
P00239,view,29
P00836,view,39
P00636,view,37
P00653,view,30
P00234,view,45
P00606,view,43
P00032,add_to_cart,6
P00280,purchase,6
P00683,add_to_cart,16
P00625,view,27
P00020,view,36
P00533,view,35
P00767,view,37
P00327,add_to_cart,14
P00805,view,44
P00877,view,37
P00941,view,38
P00751,view,40
P00901,add_to_cart,11
P00339,view,27
P00987,purchase,2
P00291,add_to_cart,10
P00902,view,34
P00146,view,30
P00697,add_to_cart,8
P00867,purchase,2
P00827,purchase,3
P00785,view,45
P00844,view,35
P00527,view,23
P00083,view,36
P00150,add_to_cart,8
P00177,add_to_cart,5
P00361,view,46
P00139,view,49
P00604,view,45
P00939,view,39
P00324,purchase,3
P00448,add_to_cart,9
P00187,add_to_cart,15
P00633,add_to_cart,10
P00947,view,37
P00601,view,46
P00537,view,42
P00531,add_to_cart,10
P00909,add_to_cart,8
P00271,add_to_cart,8
P00300,add_to_cart,10
P00317,view,33
P00732,add_to_cart,12
P00107,view,31
P00692,view,43
P00404,view,26
P00807,view,46
P00485,view,38
P00279,view,43
P00470,purchase,9
P00824,view,39
P00920,purchase,3
P00351,purchase,5
P00513,add_to_cart,13
P00444,view,36
P00095,view,36
P00482,add_to_cart,12
P00374,view,43
P00475,view,38
P00964,view,40
P00069,view,45
P00783,view,31
P00934,purchase,5
P00870,view,42
P00532,view,33
P00206,view,29
P00613,view,35
P00514,view,31
P00493,view,38
P00522,view,26
P00861,add_to_cart,13
P00041,add_to_cart,6
P00039,view,30
P00903,view,34
P00269,view,30
P00330,view,38
P00415,view,37
P00543,view,45
P00744,view,29
P00719,view,37
P00166,add_to_cart,7
P00427,view,36
P00959,purchase,4
P00075,add_to_cart,18
P00765,view,40
P00201,add_to_cart,11
P00567,view,34
P00239,purchase,8
P00566,view,32
P00934,view,34
P00346,view,41
P00448,view,50
P00607,add_to_cart,12
P00863,view,40
P00509,add_to_cart,14
P00268,view,34
P00066,view,39
P00806,view,37
P00612,add_to_cart,15
P00326,view,36
P00657,add_to_cart,21
P00990,view,37
P00062,add_to_cart,10
P00685,add_to_cart,10
P00487,view,43
P00421,view,45
P00926,view,45
P00099,view,45
P00548,add_to_cart,2
P00009,view,42
P00506,view,34
P00423,add_to_cart,11
P00320,view,30
P00423,purchase,7
P00797,view,27
P00133,view,43
P00480,add_to_cart,13
P00634,view,24
P00923,view,39
P00226,view,18
P00032,view,44
P00663,view,35
P00340,purchase,3
P00353,add_to_cart,11
P00784,view,42
P00627,add_to_cart,8
P00173,add_to_cart,11
P00363,view,31
P00270,view,30
P00552,view,37
P00332,purchase,7
P00544,purchase,7
P00153,add_to_cart,8
P00458,view,44
P00791,view,36
P00727,view,34
P00283,add_to_cart,4
P00337,add_to_cart,10
P00049,purchase,4
P00596,view,37
P00152,view,39
P00957,view,39
P00207,view,37
P00647,purchase,6
P00542,view,34
P00940,view,40
P00223,add_to_cart,9
P00164,view,31
P00750,add_to_cart,10
P00372,add_to_cart,12
P00470,view,38
P00357,view,38
P00074,add_to_cart,10
P00905,view,32
P00643,purchase,2
P00935,add_to_cart,12
P00902,purchase,3
P00609,view,38
P00008,purchase,5
P00198,add_to_cart,16
P00299,add_to_cart,3
P00432,view,29
P00291,view,38
P00176,view,35
P00653,add_to_cart,5
P00398,add_to_cart,15
P00817,add_to_cart,14
P00105,add_to_cart,12
P00975,view,27
P00510,view,38
P00356,view,44
P00157,view,29
P00866,view,32
P00551,add_to_cart,11
P00770,add_to_cart,9
P00780,view,39
P00379,add_to_cart,12
P00142,view,28
P00659,view,43
P00905,add_to_cart,12
P00284,view,21
P00708,purchase,7
P00390,add_to_cart,19
P00482,view,35
P00310,view,33
P00919,add_to_cart,9
P00693,view,32
P00168,view,36
P00561,view,39
P00599,view,42
P00411,add_to_cart,11
P00023,view,33
P00430,view,32
P00437,view,40
P00360,add_to_cart,15
P00138,view,24
P00073,view,40
P00301,purchase,6
P00394,add_to_cart,9
P00545,add_to_cart,9
P00880,purchase,2
P00359,purchase,4
P00103,view,39
P00237,view,43
P00354,view,23
P00424,view,33
P00632,view,34
P00982,view,42
P00897,view,33
P00290,view,40
P00048,add_to_cart,8
P00372,purchase,8
P00093,view,38
P00728,add_to_cart,10
P00111,view,40
P00720,view,26
P00011,view,21
P00157,add_to_cart,9
P00589,view,34
P00248,purchase,7
P00208,add_to_cart,10
P00375,add_to_cart,12
P00007,view,24
P00044,view,43
P00626,view,28
P00264,view,36
P00109,view,50
P00693,add_to_cart,10
P00224,add_to_cart,14
P00921,view,44
P00910,view,34
P00573,add_to_cart,9
P00982,add_to_cart,7
P00896,purchase,7
P00451,add_to_cart,21
P00699,view,46
P00989,view,38
P00327,view,32
P00238,view,35
P00705,add_to_cart,8
P00202,view,27
P00917,view,33
P00712,view,41
P00445,view,35
P00527,purchase,8
P00221,view,32
P00884,view,37
P00131,view,37
P00353,view,42
P00435,add_to_cart,9
P00162,add_to_cart,11
P00386,add_to_cart,8
P00454,add_to_cart,9
P00867,view,39
P00869,purchase,4
P00337,view,34
P00586,view,33
P00677,add_to_cart,15
P00773,view,31
P00389,add_to_cart,13
P00092,view,41
P00817,view,22
P00649,view,29
P00813,add_to_cart,10
P00504,view,45
P00840,view,38
P00994,add_to_cart,12
P00087,view,34
P00217,view,35
P00998,view,30
P00734,view,35
P00154,view,32
P00014,view,51
P00585,view,34
P00165,purchase,4
P00833,view,42
P00057,view,48
P00293,add_to_cart,12
P00404,add_to_cart,9
P00160,purchase,7
P00673,view,37
P00136,view,28
P00462,view,37
P00847,purchase,5
P00557,view,34
P00440,view,36
P00587,view,37
P00128,add_to_cart,16
P00774,add_to_cart,14
P00773,add_to_cart,15
P00875,view,35
P00886,purchase,3
P00968,view,35
P00965,view,33
P00678,add_to_cart,17
P00650,add_to_cart,9
P00570,view,30
P00737,view,28
P00112,view,27
P00928,add_to_cart,11
P00799,add_to_cart,17
P00095,add_to_cart,17
P00617,view,40
P00582,view,42
P00519,view,36
P00538,view,44
P00143,view,40
P00555,add_to_cart,7
P00364,add_to_cart,16
P00395,view,39
P00341,view,31
P00958,view,26
P00493,add_to_cart,11
P00752,view,27
P00047,purchase,5
P00826,purchase,7
P00409,view,29
P00393,view,23
P00933,view,33
P00577,view,31
P00756,add_to_cart,12
P00882,add_to_cart,7
P00065,purchase,8
P00280,view,37
P00022,purchase,4
P00351,view,31
P00267,purchase,3
P00166,view,46
P00689,view,36
P00170,view,33
P00414,purchase,3
P00869,view,45
P00349,view,37
P00714,add_to_cart,10
P00836,add_to_cart,11
P00477,purchase,7
P00818,view,25
P00657,view,32
P00719,add_to_cart,11
P00831,view,38
P00214,view,36
P00274,view,36
P00272,view,41
P00690,purchase,4
P00377,add_to_cart,9
P00471,add_to_cart,10
P00522,add_to_cart,11
P00456,add_to_cart,9
P00309,purchase,7
P00475,purchase,5
P00062,view,34
P00391,purchase,5
P00830,add_to_cart,8
P00211,view,40
P00053,view,35
P00515,add_to_cart,10
P00093,add_to_cart,11
P00268,purchase,2
P00049,add_to_cart,11
P00892,add_to_cart,17
P00930,purchase,4
P00042,view,33
P00959,view,22
P00652,view,22
P00949,view,40
P00741,view,34
P00201,view,34
P00704,view,39
P00193,add_to_cart,7
P00642,view,43
P00407,view,36
P00716,view,41
P00709,view,36
P00976,add_to_cart,8
P00825,add_to_cart,8
P00993,view,26
P00753,view,31
P00416,purchase,8
P00116,view,38
P00343,view,35
P00623,purchase,9
P00800,view,29
P00805,add_to_cart,15
P00048,purchase,6
P00480,view,39
P00740,add_to_cart,15
P00845,purchase,6
P00857,view,44
P00776,view,43
P00366,add_to_cart,15
P00980,view,36
P00592,add_to_cart,12
P00889,view,27
P00434,view,40
P00332,view,47
P00733,add_to_cart,9
P00918,add_to_cart,9
P00857,add_to_cart,8
P00934,add_to_cart,9
P00949,add_to_cart,14
P00124,view,29
P00502,view,42
P00658,view,34
P00566,add_to_cart,8
P00886,add_to_cart,8
P00756,view,31
P00515,view,31
P00909,purchase,6
P00938,add_to_cart,11
P00420,view,39
P00338,purchase,6
P00435,purchase,11
P00213,add_to_cart,22
P00826,add_to_cart,16
P00487,add_to_cart,8
P00547,view,43
P00512,view,32
P00495,add_to_cart,10
P00770,view,40
P00246,view,28
P00498,view,38
P00403,add_to_cart,13
P00778,add_to_cart,10
P00323,view,30
P00209,add_to_cart,8
P00492,view,30
P00169,view,30
P00990,purchase,3
P00920,add_to_cart,9
P00769,view,44
P00075,purchase,6
P00768,view,36
P00275,view,33
P00644,view,40
P00717,view,40
P00408,add_to_cart,12
P00190,view,36
P00315,view,39
P00451,view,35
P00260,view,34
P00418,add_to_cart,14
P00245,view,35
P00521,view,26
P00003,purchase,1
P00626,add_to_cart,12
P00551,view,46
P00951,purchase,5
P00751,add_to_cart,13
P00388,view,38
P00054,view,30
P00888,view,43
P00016,view,26
P00756,purchase,3
P00396,view,37
P00132,purchase,10
P01000,view,35
P00447,view,30
P00059,view,44
P00499,view,35
P00208,view,35
P00091,view,32
P00662,add_to_cart,17
P00252,view,55
P00198,view,41
P00582,purchase,6
P00591,add_to_cart,10
P00248,view,40
P00778,view,39
P00288,view,40
P00703,view,35
P00822,view,38
P00788,view,37
P00466,view,31
P00130,view,35
P00952,view,44
P00250,view,31
P00168,purchase,6
P00039,purchase,7
P00089,view,34
P00126,view,39
P00722,view,28
P00433,purchase,4
P00555,view,38
P00382,view,39
P00299,view,39
P00331,purchase,2
P00621,add_to_cart,10
P00585,add_to_cart,11
P00632,add_to_cart,10
P00591,view,33
P00629,view,28
P00011,purchase,3
P00476,purchase,6
P00612,view,34
P00961,purchase,8
P00742,add_to_cart,11
P00938,purchase,2
P00681,purchase,6
P00035,view,44
P00734,purchase,8
P00914,add_to_cart,16
P00878,purchase,4
P00985,view,36
P00445,add_to_cart,10
P00569,add_to_cart,8
P00474,add_to_cart,9
P00978,add_to_cart,10
P00345,view,37
P00043,view,30
P00637,add_to_cart,20
P00749,add_to_cart,13
P00247,purchase,6
P00017,add_to_cart,9
P00114,add_to_cart,14
P00336,view,30
P00286,view,38
P00346,purchase,10
P00667,view,35
P00995,view,35
P00565,view,28
P00244,view,35
P00524,view,39
P00196,add_to_cart,10
P00455,add_to_cart,7
P00383,view,23
P00055,view,36
P00496,view,31
P00975,add_to_cart,13
P00845,add_to_cart,12
P00938,view,25
P00069,add_to_cart,10
P00036,add_to_cart,8
P00597,add_to_cart,14
P00368,purchase,7
P00189,view,44
P00517,add_to_cart,7
P00852,add_to_cart,12
P00058,add_to_cart,15
P00792,add_to_cart,5
P00367,view,36
P00273,add_to_cart,14
P00377,view,32
P00181,purchase,4
P00896,view,34
P00981,add_to_cart,10
P00646,add_to_cart,8
P00550,view,26
P00916,view,44
P00497,add_to_cart,11
P00760,purchase,8
P00424,add_to_cart,7
P00992,purchase,4
P00022,view,44
P00529,add_to_cart,10
P00376,purchase,7
P00879,view,34
P00824,purchase,6
P00734,add_to_cart,7
P00807,purchase,5
P00158,view,34
P00700,add_to_cart,9
P00400,add_to_cart,10
P00809,view,34
P00885,view,37
P00265,add_to_cart,7
P00724,purchase,5
P00050,add_to_cart,14
P00313,view,35
P00839,view,33
P00481,add_to_cart,10
P00850,add_to_cart,12
P00392,view,32
P00415,purchase,7
P00679,add_to_cart,9
P00151,add_to_cart,9
P00385,add_to_cart,14
P00153,view,52
P00617,purchase,6
P00698,add_to_cart,19
P00700,view,30
P00134,add_to_cart,10
P00068,view,30
P00315,add_to_cart,12
P00229,view,41
P00274,add_to_cart,8
P00751,purchase,6
P00811,view,33
P00692,purchase,5
P00464,add_to_cart,13
P00491,view,37
P00518,view,43
P00446,purchase,8
P00443,view,40
P00307,add_to_cart,11
P00414,add_to_cart,12
P00738,view,35
P00071,add_to_cart,15
P00953,view,35
P00002,view,40
P00943,view,25
P00557,add_to_cart,12
P00746,purchase,7
P00091,add_to_cart,7
P00278,view,32
P00038,view,38
P00076,view,31
P00793,add_to_cart,9
P00950,view,34
P00736,view,33
P00485,add_to_cart,8
P00114,view,34
P00550,purchase,9
P00086,purchase,3
P00426,view,27
P00475,add_to_cart,9
P00328,add_to_cart,13
P00560,view,40
P00124,add_to_cart,12
P00767,add_to_cart,19
P00752,purchase,6
P00352,add_to_cart,10
P00019,add_to_cart,10
P00676,view,24
P00394,view,31
P00358,add_to_cart,11
P00135,view,32
P00423,view,34
P00161,view,26
P00400,view,33
P00992,add_to_cart,11
P00624,view,36
P00342,purchase,5
P00575,add_to_cart,10
P00803,view,38
P00080,add_to_cart,13
P00991,view,32
P00178,view,31
P00015,purchase,11
P00579,purchase,7
P00010,view,45
P00103,purchase,8
P00616,view,34
P00502,purchase,6
P00533,purchase,4
P00187,view,32
P00385,view,27
P00819,view,32
P00850,purchase,8
P00974,view,33
P00075,view,28
P00326,purchase,7
P00608,view,26
P00513,view,36
P00086,view,35
P00298,view,49
P00681,view,36
P00131,purchase,9
P00116,purchase,2
P00219,view,41
P00067,add_to_cart,8
P00873,view,31
P00397,add_to_cart,11
P00541,view,35
P00956,view,49
P00324,view,40
P00816,view,39
P00013,view,38
P00635,view,28
P00028,add_to_cart,3
P00930,add_to_cart,11
P00960,view,35
P00340,view,24
P00096,view,36
P00113,view,39
P00479,view,24
P00476,view,26
P00776,add_to_cart,14
P00873,purchase,8
P00322,view,33
P00144,view,31
P00814,purchase,7
P00273,view,27
P00936,purchase,7
P00242,add_to_cart,9
P00259,purchase,6
P00763,purchase,8
P00886,view,33
P00710,add_to_cart,16
P00435,view,43
P00760,add_to_cart,16
P00790,view,31
P00095,purchase,6
P00942,view,29
P00623,add_to_cart,11
P00705,view,35
P00569,view,31
P00366,view,40
P00007,add_to_cart,14
P00979,add_to_cart,10
P00594,view,37
P00858,view,33
P00908,view,28
P00184,purchase,7
P00192,purchase,9
P00641,add_to_cart,10
P00884,add_to_cart,14
P00735,view,30
P00588,view,35
P00206,add_to_cart,10
P00146,add_to_cart,13
P00726,view,35
P00844,purchase,7
P00183,purchase,5
P00136,add_to_cart,16
P00572,view,34
P00001,purchase,4
P00906,add_to_cart,10
P00521,purchase,5
P00854,view,37
P00815,view,45
P00087,add_to_cart,11
P00848,purchase,3
P00826,view,47
P00598,add_to_cart,11
P00573,purchase,4
P00883,view,26
P00165,view,29
P00648,add_to_cart,5
P00645,view,39
P00671,view,30
P00486,add_to_cart,9
P00678,view,35
P00540,add_to_cart,14
P00872,view,34
P00563,add_to_cart,15
P00044,add_to_cart,4
P00454,purchase,2
P00976,view,41
P00322,add_to_cart,10
P00243,add_to_cart,10
P00098,add_to_cart,10
P00151,view,28
P00808,add_to_cart,10
P00706,view,42
P00067,view,32
P00948,add_to_cart,10
P00629,add_to_cart,13
P00406,add_to_cart,13
P00742,purchase,3
P00064,view,37
P00911,add_to_cart,3
P00252,purchase,5
P00019,view,40
P00048,view,43
P00802,purchase,5
P00614,add_to_cart,11
P00389,view,33
P00245,add_to_cart,13
P00984,view,33
P00284,add_to_cart,10
P00647,add_to_cart,9
P00287,view,29
P00855,view,37
P00753,add_to_cart,14
P00119,view,42
P00603,add_to_cart,7
P00507,view,36
P00701,view,38
P00026,view,36
P00669,add_to_cart,13
P00317,add_to_cart,13
P00241,purchase,7
P00592,view,33
P00489,view,39
P00851,view,29
P00759,purchase,4
P00232,add_to_cart,8
P00500,view,33
P00728,view,45
P00121,purchase,4
P00294,add_to_cart,18
P00262,add_to_cart,12
P00832,add_to_cart,11
P00203,add_to_cart,9
P00864,add_to_cart,11
P00408,purchase,4
P00735,add_to_cart,10
P00296,view,42
P00665,add_to_cart,7
P00912,view,31
P00233,view,47
P00804,add_to_cart,14
P00750,purchase,4
P00345,add_to_cart,12
P00369,view,31
P00549,add_to_cart,9
P00321,purchase,4
P00966,view,36
P00611,view,28
P00903,add_to_cart,12
P00305,purchase,8
P00842,add_to_cart,12
P00733,view,25
P00002,add_to_cart,10
P00905,purchase,6
P00163,view,32
P00281,view,33
P00915,purchase,6
P00214,add_to_cart,11
P00526,view,27
P00155,view,41
P00380,view,32
P00064,add_to_cart,13
P00800,add_to_cart,6
P00386,purchase,3
P00119,add_to_cart,9
P00071,view,31
P00468,add_to_cart,9
P00324,add_to_cart,8
P00573,view,34
P00304,view,39
P00514,add_to_cart,15
P00401,add_to_cart,11
P00541,add_to_cart,14
P00688,add_to_cart,20
P00231,add_to_cart,10
P00535,view,32
P00830,view,36
P00761,view,33
P00615,purchase,4
P00430,purchase,3
P00929,view,43
P00615,add_to_cart,14
P00554,view,35
P00528,view,34
P00893,add_to_cart,7
P00306,view,33
P00078,view,34
P00488,view,34
P00254,purchase,4
P00847,view,40
P00060,view,34
P00960,add_to_cart,11
P00746,add_to_cart,9
P00829,add_to_cart,14
P00904,add_to_cart,12
P00025,add_to_cart,8
P00747,view,33
P00361,add_to_cart,9
P00579,view,42
P00313,add_to_cart,13
P00210,view,32
P00600,add_to_cart,7
P00834,add_to_cart,8
P00894,add_to_cart,9
P00625,add_to_cart,7
P00278,add_to_cart,7
P00241,view,46
P00777,view,35
P00668,view,37
P00214,purchase,6
P00799,view,31
P00165,add_to_cart,15
P00970,purchase,5
P00266,add_to_cart,9
P00732,view,40
P00088,add_to_cart,8
P00566,purchase,6
P00952,add_to_cart,16
P00913,purchase,5
P00260,add_to_cart,9
P00794,view,38
P00707,view,38
P00764,view,31
P00501,add_to_cart,14
P00726,purchase,3
P00199,view,37
P00549,purchase,2
P00936,view,40
P00593,purchase,1
P00365,view,32
P00630,view,37
P00524,add_to_cart,7
P00444,purchase,6
P00880,view,41
P00006,view,35
P00118,purchase,5
P00429,view,32
P00015,view,43
P00838,purchase,5
P00431,view,43
P00695,view,38
P00303,view,33
P00192,add_to_cart,8
P00249,view,30
P00537,add_to_cart,7
P00183,add_to_cart,20
P00829,view,35
P00927,add_to_cart,4
P00716,add_to_cart,7
P00965,purchase,5
P00371,purchase,8
P00655,view,34
P00175,view,46
P00535,add_to_cart,23
P00702,add_to_cart,7
P00110,add_to_cart,10
P00473,view,35
P00977,add_to_cart,8
P00164,add_to_cart,9
P00101,add_to_cart,14
P00301,view,46
P00483,view,35
P00436,view,36
P00046,view,34
P00316,add_to_cart,11
P00988,purchase,3
P00634,purchase,6
P00228,view,27
P00900,add_to_cart,5
P00482,purchase,4
P00745,view,33
P00519,add_to_cart,7
P00467,view,30
P00706,purchase,7
P00351,add_to_cart,6
P00123,add_to_cart,11
P00630,add_to_cart,8
P00723,view,44
P00964,add_to_cart,5
P00097,add_to_cart,12
P00841,add_to_cart,6
P00143,add_to_cart,12
P00460,view,33
P00129,view,34
P00970,view,28
P00378,add_to_cart,9
P00707,add_to_cart,11
P00906,view,25
P00963,view,37
P00810,view,39
P00285,add_to_cart,13
P00417,add_to_cart,7
P00382,purchase,8
P00186,view,29
P00267,view,32
P00791,purchase,9
P00679,view,45
P00618,view,32
P00640,view,35
P00503,add_to_cart,12
P00546,add_to_cart,9
P00005,add_to_cart,11
P00955,add_to_cart,4
P00227,add_to_cart,9
P00619,view,30
P00012,view,42
P00266,view,32
P00590,view,35
P00229,add_to_cart,13
P00056,purchase,7
P00081,view,34
P00415,add_to_cart,15
P00631,view,39
P00210,add_to_cart,10
P00121,view,30
P00924,view,31
P00969,view,31
P00497,view,33
P00785,purchase,6
P00998,add_to_cart,7
P00359,view,39
P00282,view,45
P00129,add_to_cart,12
P00504,add_to_cart,16
P00021,add_to_cart,14
P00628,add_to_cart,11
P00836,purchase,3
P00279,purchase,3
P00090,view,32
P00147,view,37
P00297,purchase,9
P00162,view,39
P00669,view,32
P00167,add_to_cart,6
P00677,view,46
P00624,purchase,7
P00446,view,28
P00483,add_to_cart,10
P00372,view,32
P00056,add_to_cart,18
P00273,purchase,6
P00929,add_to_cart,10
P00319,view,31
P00410,add_to_cart,11
P00962,view,43
P00523,view,43
P00628,view,43
P00254,view,32
P00318,add_to_cart,12
P00302,purchase,5
P00215,view,36
P00844,add_to_cart,6
P00331,view,39
P00484,view,30
P00196,view,37
P00303,add_to_cart,3
P00526,add_to_cart,13
P00347,add_to_cart,9
P00863,purchase,5
P00413,view,37
P00201,purchase,5
P00179,purchase,7
P00419,add_to_cart,8
P00189,add_to_cart,8
P00882,view,45
P00976,purchase,5
P00287,add_to_cart,14
P00600,purchase,4
P00420,purchase,3
P00147,add_to_cart,8
P00825,view,30
P00709,purchase,5
P00813,view,32
P00022,add_to_cart,12
P00881,view,28
P00608,purchase,5
P00781,add_to_cart,6
P00005,view,47
P00590,purchase,4
P00422,view,33
P00385,purchase,7
P00354,add_to_cart,10
P00300,view,35
P00892,view,36
P00593,view,45
P00511,add_to_cart,14
P00766,add_to_cart,7
P00985,add_to_cart,11
P00029,view,37
P00651,purchase,4
P00516,add_to_cart,14
P00974,add_to_cart,9
P00109,purchase,5
P00414,view,30
P00037,add_to_cart,14
P00814,add_to_cart,7
P00356,purchase,4
P00358,view,36
P00405,view,35
P00486,view,39
P00362,add_to_cart,7
P00783,add_to_cart,7
P00907,add_to_cart,13
P00723,add_to_cart,11
P00694,view,32
P00852,purchase,4
P00009,add_to_cart,8
P00896,add_to_cart,8
P00490,purchase,9
P00381,view,31
P00795,purchase,2
P00611,add_to_cart,5
P00624,add_to_cart,7
P00438,purchase,9
P00370,view,29
P00182,add_to_cart,12
P00061,add_to_cart,10
P00316,view,30
P00868,view,34
P00425,add_to_cart,12
P00714,purchase,6
P00525,add_to_cart,14
P00231,purchase,5
P00576,view,36
P00665,view,35
P00156,add_to_cart,11
P00712,purchase,8
P00304,add_to_cart,10
P00141,purchase,7
P00252,add_to_cart,10
P00442,purchase,7
P00100,add_to_cart,9
P00370,add_to_cart,7
P00391,add_to_cart,15
P00859,add_to_cart,13
P00185,add_to_cart,10
P00725,view,38
P00616,add_to_cart,12
P00437,add_to_cart,13
P00045,add_to_cart,7
P00305,view,35
P00458,add_to_cart,10
P00285,view,36
P00112,add_to_cart,11
P00275,purchase,6
P00650,view,25
P00659,add_to_cart,15
P00614,view,34
P00978,view,35
P00047,add_to_cart,12
P00721,add_to_cart,17
P00126,add_to_cart,13
P00184,view,34
P00945,purchase,4
P00937,view,40
P00034,view,29
P00674,view,41
P00859,view,32
P00379,view,39
P00276,view,26
P00983,view,32
P00668,add_to_cart,15
P00917,purchase,8
P00231,view,35
P00827,view,47
P00586,purchase,10
P00893,view,41
P00094,add_to_cart,14
P00762,add_to_cart,8
P00574,add_to_cart,10
P00225,purchase,8
P00545,view,29
P00230,view,42
P00227,view,35
P00465,add_to_cart,14
P00931,add_to_cart,7
P00135,add_to_cart,10
P00205,add_to_cart,8
P00719,purchase,6
P00741,purchase,6
P00645,add_to_cart,8
P00642,add_to_cart,6
P00215,add_to_cart,6
P00828,purchase,6
P00989,purchase,5
P00661,view,33
P00498,purchase,5
P00314,add_to_cart,12
P00405,add_to_cart,16
P00270,purchase,4
P00211,purchase,4
P00981,purchase,7
P00595,add_to_cart,15
P00279,add_to_cart,7
P00621,purchase,6
P00696,purchase,5
P00861,view,34
P00994,purchase,5
P00855,add_to_cart,12
P00889,add_to_cart,11
P00902,add_to_cart,15
P00744,add_to_cart,6
P00727,add_to_cart,10
P00287,purchase,4
P00968,add_to_cart,5
P00806,add_to_cart,6
P00561,purchase,5
P00447,purchase,4
P00042,purchase,7
P00030,purchase,3
P00465,view,37
P00461,add_to_cart,11
P00309,add_to_cart,8
P00633,view,35
P00277,view,39
P00510,purchase,7
P00956,purchase,8
P00821,view,37
P00914,purchase,3
P00818,add_to_cart,9
P00027,add_to_cart,6
P00033,view,34
P00230,purchase,8
P00060,add_to_cart,12
P00134,view,25
P00193,view,32
P00930,view,32
P00589,add_to_cart,9
P00370,purchase,6
P00200,add_to_cart,12
P00330,add_to_cart,13
P00052,add_to_cart,9
P00272,purchase,8
P00200,view,33
P00432,add_to_cart,12
P00580,add_to_cart,5
P00081,add_to_cart,15
P00743,view,42
P00512,purchase,5
P00456,purchase,7
P00666,add_to_cart,11
P00158,add_to_cart,7
P00754,view,39
P00991,purchase,5
P00794,purchase,8
P00334,view,41
P00995,purchase,9
P00421,add_to_cart,9
P00620,purchase,5
P00244,add_to_cart,14
P00802,view,39
P00999,add_to_cart,12
P00507,purchase,3
P00915,add_to_cart,10
P00309,view,29
P00132,add_to_cart,11
P00060,purchase,5
P00425,view,30
P00953,add_to_cart,8
P00782,add_to_cart,3
P00014,add_to_cart,10
P00255,purchase,5
P00364,purchase,7
P00160,view,33
P00609,add_to_cart,8
P00109,add_to_cart,11
P00398,purchase,9
P00715,add_to_cart,11
P00944,add_to_cart,7
P00779,purchase,8
P00986,view,25
P00541,purchase,10
P00447,add_to_cart,7
P00018,add_to_cart,7
P00020,purchase,4
P00155,purchase,4
P00713,add_to_cart,10
P00743,purchase,7
P00536,purchase,5
P00918,view,33
P00124,purchase,8
P00441,add_to_cart,10
P00045,view,32
P00859,purchase,9
P00253,add_to_cart,10
P00118,view,32
P00502,add_to_cart,11
P00348,view,36
P00486,purchase,4
P00027,purchase,7
P00559,add_to_cart,12
P00888,purchase,5
P00876,add_to_cart,7
P00754,purchase,2
P00220,add_to_cart,6
P00737,add_to_cart,7
P00695,add_to_cart,13
P00726,add_to_cart,10
P00364,view,31
P00686,view,39
P00666,view,19
P00986,add_to_cart,5
P00871,add_to_cart,13
P00781,purchase,4
P00250,add_to_cart,7
P00440,purchase,6
P00347,view,42
P00916,add_to_cart,12
P00008,view,34
P00574,purchase,3
P00046,purchase,4
P00881,purchase,5
P00631,add_to_cart,8
P00688,purchase,5
P00407,add_to_cart,12
P00288,add_to_cart,13
P00262,view,32
P00613,add_to_cart,9
P00340,add_to_cart,10
P00739,add_to_cart,7
P00294,view,36
P00397,purchase,8
P00072,add_to_cart,10
P00466,add_to_cart,9
P00511,view,38
P00108,add_to_cart,13
P00604,add_to_cart,8
P00885,purchase,5
P00963,purchase,3
P00924,purchase,6
P00523,add_to_cart,12
P00261,purchase,8
P00738,add_to_cart,11
P00724,add_to_cart,8
P00558,view,36
P00045,purchase,5
P00262,purchase,2
P00506,add_to_cart,14
P00820,purchase,5
P00082,purchase,6
P00432,purchase,9
P00500,add_to_cart,7
P00815,add_to_cart,5
P00478,add_to_cart,8
P00311,add_to_cart,7
P00440,add_to_cart,9
P00521,add_to_cart,9
P00117,purchase,5
P00674,add_to_cart,8
P00667,add_to_cart,13
P00946,view,31
P00261,view,43
P00185,view,34
P00298,add_to_cart,10
P00663,add_to_cart,4
P00153,purchase,8
P00646,view,24
P00626,purchase,9
P00243,view,39
P00729,add_to_cart,12
P00858,purchase,6
P00455,view,28
P00685,purchase,2
P00711,view,28
P00031,add_to_cart,4
P00362,view,31
P00037,purchase,4
P00342,add_to_cart,12
P00592,purchase,5
P00897,add_to_cart,14
P00691,add_to_cart,8
P00929,purchase,4
P00314,view,37
P00999,purchase,8
P00694,purchase,6
P00384,add_to_cart,8
P00308,add_to_cart,10
P00463,add_to_cart,8
P00255,add_to_cart,10
P00001,view,32
P00758,add_to_cart,10
P00296,add_to_cart,5
P00926,add_to_cart,12
P00909,view,34
P00293,view,38
P00234,purchase,5
P00645,purchase,3
P00699,add_to_cart,9
P00968,purchase,5
P00946,add_to_cart,12
P00925,add_to_cart,9
P00062,purchase,6
P00353,purchase,6
P00030,view,31
P00696,add_to_cart,11
P00063,purchase,9
P00283,view,47
P00190,add_to_cart,16
P00107,purchase,5
P00479,purchase,5
P00544,add_to_cart,9
P00840,add_to_cart,8
P00664,add_to_cart,10
P00596,purchase,2
P00887,purchase,3
P00449,purchase,3
P00872,purchase,4
P00111,add_to_cart,13
P00790,purchase,3
P00536,add_to_cart,7
P00917,add_to_cart,8
P00272,add_to_cart,11
P00775,add_to_cart,19
P00368,add_to_cart,10
P00672,add_to_cart,13
P00003,add_to_cart,11
P00501,view,36
P00995,add_to_cart,5
P00063,view,32
P00489,purchase,5
P00603,purchase,4
P00782,purchase,7
P00627,purchase,6
P00122,add_to_cart,8
P00161,add_to_cart,8
P00619,add_to_cart,16
P00117,view,26
P00280,add_to_cart,7
P00158,purchase,5
P00243,purchase,6
P00865,view,50
P00217,add_to_cart,5
P00842,purchase,1
P00648,purchase,3
P00204,add_to_cart,11
P00270,add_to_cart,4
P00015,add_to_cart,7
P00428,add_to_cart,11
P00332,add_to_cart,17
P00233,purchase,4
P00122,view,34
P00696,view,32
P00519,purchase,6
P00862,add_to_cart,10
P00865,purchase,5
P00477,add_to_cart,11
P00040,add_to_cart,17
P00542,purchase,9
P00688,view,34
P00609,purchase,4
P00788,add_to_cart,8
P00579,add_to_cart,14
P00913,view,36
P00565,purchase,8
P00305,add_to_cart,18
P00301,add_to_cart,11
P00627,view,36
P00618,add_to_cart,10
P00246,purchase,5
P00221,add_to_cart,6
P00769,purchase,10
P00236,add_to_cart,6
P00832,purchase,5
P00860,view,33
P00833,purchase,5
P00419,view,40
P00511,purchase,4
P00041,view,25
P00686,add_to_cart,12
P00223,purchase,6
P00151,purchase,3
P00046,add_to_cart,13
P00786,add_to_cart,8
P00225,add_to_cart,10
P00738,purchase,5
P00421,purchase,8
P00140,view,29
P00590,add_to_cart,5
P00572,purchase,6
P00616,purchase,5
P00053,purchase,8
P00306,add_to_cart,14
P00039,add_to_cart,12
P00744,purchase,2
P00750,view,32
P00666,purchase,2
P00196,purchase,9
P00870,add_to_cart,9
P00795,view,26
P00874,purchase,8
P00277,purchase,3
P00343,purchase,6
P00821,add_to_cart,10
P00358,purchase,4
P00983,purchase,5
P00553,add_to_cart,10
P00599,add_to_cart,8
P00263,purchase,8
P00488,add_to_cart,6
P00568,add_to_cart,10
P00749,purchase,3
P00033,add_to_cart,9
P00684,purchase,2
P00843,purchase,5
P00278,purchase,8
P00205,purchase,9
P00348,purchase,5
P00876,purchase,11
P00977,purchase,8
P00763,add_to_cart,6
P00188,view,39
P00258,add_to_cart,4
P00446,add_to_cart,12
P00997,add_to_cart,9
P00673,purchase,11
P00610,view,23
P00704,add_to_cart,9
P00356,add_to_cart,12
P00516,purchase,4
P00872,add_to_cart,8
P00004,view,28
P00634,add_to_cart,7
P00701,add_to_cart,8
P00172,add_to_cart,10
P00202,purchase,4
P00605,add_to_cart,10
P00115,add_to_cart,6
P00068,add_to_cart,9
P00484,add_to_cart,6
P00207,purchase,4
P00320,add_to_cart,9
P00450,add_to_cart,7
P00193,purchase,1
P00032,purchase,4
P00409,purchase,2
P00343,add_to_cart,9
P00606,purchase,6
P00687,purchase,8
P00396,purchase,5
P00129,purchase,8
P00098,purchase,10
P00674,purchase,7
P00951,view,32
P00852,view,29
P00387,add_to_cart,7
P00099,add_to_cart,8
P00036,purchase,2
P00119,purchase,6
P00096,add_to_cart,10
P00027,view,32
P00728,purchase,4
P00099,purchase,6
P00589,purchase,7
P00787,add_to_cart,7
P00216,view,30
P00577,add_to_cart,11
P00699,purchase,7
P00029,purchase,1
P00399,add_to_cart,8
P00341,add_to_cart,12
P00222,add_to_cart,9
P00577,purchase,5
P00171,view,28
P00729,view,32
P00669,purchase,5
P00980,add_to_cart,15
P00927,view,32
P00512,add_to_cart,13
P00603,view,29
P00059,add_to_cart,7
P00670,view,33
P00807,add_to_cart,7
P00286,add_to_cart,10
P00159,view,29
P00352,purchase,5
P00562,add_to_cart,12
P00282,add_to_cart,12
P00910,purchase,6
P00617,add_to_cart,12
P00656,add_to_cart,10
P00407,purchase,5
P00187,purchase,6
P00868,add_to_cart,9
P00895,add_to_cart,10
P00620,add_to_cart,14
P00887,add_to_cart,16
P00318,view,26
P00919,purchase,6
P00686,purchase,3
P00251,view,28
P00318,purchase,5
P00987,add_to_cart,11
P00074,view,27
P00347,purchase,5
P00297,add_to_cart,16
P00178,add_to_cart,11
P00013,add_to_cart,8
P00154,purchase,2
P00983,add_to_cart,12
P00163,add_to_cart,5
P00424,purchase,4
P00974,purchase,6
P00522,purchase,8
P00259,add_to_cart,10
P00846,add_to_cart,5
P00933,purchase,4
P00676,add_to_cart,13
P00906,purchase,4
P00731,view,37
P00136,purchase,10
P00194,purchase,7
P00159,purchase,7
P00563,view,32
P00457,purchase,5
P00825,purchase,2
P00360,view,32
P00748,add_to_cart,10
P00258,purchase,5
P00922,purchase,6
P00499,purchase,10
P00574,view,44
P00520,purchase,5
P00448,purchase,5
P00821,purchase,4
P00977,view,25
P00054,purchase,6
P00268,add_to_cart,14
P00973,add_to_cart,8
P00969,add_to_cart,11
P00371,add_to_cart,11
P00462,add_to_cart,15
P00282,purchase,4
P00863,add_to_cart,8
P00824,add_to_cart,9
P00670,add_to_cart,11
P00862,view,29
P00342,view,31
P00174,add_to_cart,15
P00746,view,49
P00130,purchase,5
P00535,purchase,7
P00775,purchase,6
P00191,view,35
P00937,add_to_cart,10
P00384,view,31
P00605,purchase,5
P00534,view,26
P00065,view,38
P00787,view,35
P00513,purchase,5
P00621,view,31
P00542,add_to_cart,9
P00481,purchase,7
P00703,purchase,4
P00013,purchase,5
P00061,view,26
P00422,add_to_cart,12
P00654,add_to_cart,10
P00321,add_to_cart,7
P00463,view,32
P00327,purchase,4
P00717,purchase,8
P00771,purchase,8
P00639,view,29
P00678,purchase,3
P00828,add_to_cart,9
P00860,purchase,5
P00038,purchase,6
P00113,add_to_cart,8
P00661,add_to_cart,6
P00458,purchase,6
P00870,purchase,9
P00238,add_to_cart,11
P00586,add_to_cart,7
P00584,purchase,5
P00191,purchase,9
P00337,purchase,2
P00366,purchase,2
P00460,add_to_cart,12
P00950,add_to_cart,8
P00772,view,37
P00671,add_to_cart,6
P00142,add_to_cart,10
P00019,purchase,7
P00176,add_to_cart,9
P00588,purchase,3
P00412,add_to_cart,10
P00538,purchase,3
P00841,purchase,5
P00833,add_to_cart,14
P00195,purchase,6
P00693,purchase,6
P00035,purchase,6
P00878,add_to_cart,7
P00213,purchase,2
P00388,purchase,5
P00010,purchase,6
P00499,add_to_cart,11
P00622,add_to_cart,14
P00202,add_to_cart,23
P00452,view,28
P00643,add_to_cart,6
P00082,add_to_cart,12
P00496,purchase,9
P00052,view,36
P00167,view,33
P00547,add_to_cart,10
P00757,add_to_cart,10
P00093,purchase,3
P00567,purchase,7
P00419,purchase,5
P00830,purchase,5
P00978,purchase,7
P00899,purchase,4
P00174,purchase,5
P00546,purchase,6
P00412,purchase,6
P00436,add_to_cart,6
P00743,add_to_cart,6
P00955,purchase,6
P00959,add_to_cart,9
P00596,add_to_cart,8
P00491,add_to_cart,6
P00395,purchase,9
P00851,add_to_cart,14
P00425,purchase,4
P00722,purchase,5
P00144,add_to_cart,14
P00935,purchase,3
P00325,add_to_cart,6
P00562,purchase,13
P00847,add_to_cart,14
P00839,add_to_cart,8
P00922,view,29
P00853,add_to_cart,6
P00997,purchase,7
P00537,purchase,7
P00240,add_to_cart,9
P00509,purchase,5
P00689,purchase,5
P00543,add_to_cart,12
P00707,purchase,9
P00250,purchase,5
P00077,add_to_cart,15
P00469,view,39
P00057,purchase,9
P00884,purchase,3
P00199,add_to_cart,9
P00838,add_to_cart,8
P00782,view,34
P00263,add_to_cart,16
P00691,purchase,6
P00452,purchase,3
P00970,add_to_cart,10
P00555,purchase,8
P00646,purchase,6
P00102,purchase,8
P00803,add_to_cart,10
P00869,add_to_cart,8
P00302,add_to_cart,5
P00251,add_to_cart,7
P00819,add_to_cart,6
P00663,purchase,4
P00711,purchase,4
P00260,purchase,5
P00677,purchase,3
P00290,purchase,4
P00527,add_to_cart,8
P00395,add_to_cart,8
P00854,add_to_cart,12
P00840,purchase,7
P00195,add_to_cart,5
P00175,add_to_cart,12
P00597,purchase,6
P00853,purchase,8
P00194,add_to_cart,9
P00138,add_to_cart,9
P00538,add_to_cart,13
P00334,add_to_cart,10
P00034,add_to_cart,11
P00947,purchase,4
P00839,purchase,9
P00921,purchase,7
P00593,add_to_cart,8
P00837,purchase,5
P00422,purchase,7
P00298,purchase,4
P00377,purchase,3
P00497,purchase,6
P00868,purchase,6
P00405,purchase,4
P00658,purchase,5
P00941,add_to_cart,12
P00235,add_to_cart,9
P00568,purchase,10
P00374,purchase,3
P00276,add_to_cart,12
P00326,add_to_cart,12
P00898,view,26
P00912,add_to_cart,10
P00856,add_to_cart,8
P00084,add_to_cart,4
P00857,purchase,6
P00402,purchase,6
P00856,view,30
P00089,add_to_cart,5
P00101,purchase,7
P00880,add_to_cart,6
P00059,purchase,6
P00560,add_to_cart,12
P00469,add_to_cart,10
P00188,purchase,7
P00809,add_to_cart,10
P00673,add_to_cart,10
P00433,add_to_cart,7
P00903,purchase,3
P00818,purchase,7
P00804,purchase,2
P00508,add_to_cart,7
P00879,purchase,4
P00601,purchase,6
P00571,purchase,5
P00277,add_to_cart,11
P00904,purchase,4
P00520,add_to_cart,12
P00713,purchase,4
P00877,add_to_cart,5
P00764,add_to_cart,10
P00080,purchase,7
P00656,purchase,5
P00369,purchase,5
P00028,purchase,4
P00572,add_to_cart,8
P00599,purchase,7
P00675,purchase,4
P00747,add_to_cart,13
P00767,purchase,5
P00145,add_to_cart,6
P00349,purchase,7
P00827,add_to_cart,10
P00966,add_to_cart,15
P00322,purchase,4
P00720,add_to_cart,10
P00349,add_to_cart,12
P00409,add_to_cart,12
P00716,purchase,4
P00426,purchase,4
P00203,purchase,4
P00631,purchase,4
P00835,purchase,3
P00073,purchase,5
P00141,add_to_cart,3
P00381,add_to_cart,10
P00560,purchase,8
P00725,add_to_cart,8
P00854,purchase,6
P00608,add_to_cart,15
P00554,purchase,4
P00951,add_to_cart,7
P00784,add_to_cart,9
P00096,purchase,4
P00004,purchase,9
P00805,purchase,3
P00967,purchase,7
P00730,add_to_cart,5
P00474,purchase,7
P00130,add_to_cart,15
P00861,purchase,4
P00875,add_to_cart,10
P00051,add_to_cart,9
P00794,add_to_cart,9
P00490,add_to_cart,11
P00715,purchase,7
P00953,purchase,5
P00755,purchase,5
P00212,purchase,2
P00429,add_to_cart,8
P00176,purchase,6
P00290,add_to_cart,14
P00029,add_to_cart,10
P00159,add_to_cart,12
P00209,purchase,5
P00063,add_to_cart,11
P00816,add_to_cart,7
P00784,purchase,4
P00604,purchase,4
P00644,purchase,8
P00921,add_to_cart,7
P00799,purchase,7
P00655,add_to_cart,11
P00163,purchase,5
P00761,purchase,11
P00587,add_to_cart,8
P00111,purchase,6
P00473,purchase,3
P00394,purchase,8
P00564,add_to_cart,9
P00940,add_to_cart,6
P00170,purchase,6
P00211,add_to_cart,10
P00777,add_to_cart,14
P00700,purchase,3
P00649,add_to_cart,10
P00943,add_to_cart,12
P00993,add_to_cart,10
P00420,add_to_cart,6
P00057,add_to_cart,8
P00554,add_to_cart,7
P00637,purchase,4
P00811,purchase,7
P00993,purchase,7
P00236,view,28
P00137,add_to_cart,9
P00292,add_to_cart,10
P00835,add_to_cart,8
P00427,add_to_cart,8
P00043,purchase,6
P00078,add_to_cart,5
P00442,add_to_cart,6
P00470,add_to_cart,7
P00261,add_to_cart,7
P00179,add_to_cart,10
P00034,purchase,5
P00177,purchase,4
P00376,add_to_cart,9
P00257,add_to_cart,8
P00972,purchase,3
P00933,add_to_cart,9
P00315,purchase,8
P00657,purchase,5
P00508,purchase,5
P00226,add_to_cart,8
P00545,purchase,8
P00990,add_to_cart,9
P00077,purchase,5
P00765,add_to_cart,10
P00009,purchase,3
P00085,view,33
P00373,add_to_cart,9
P00180,add_to_cart,3
P00480,purchase,8
P00076,add_to_cart,10
P00374,add_to_cart,8
P00066,add_to_cart,10
P00220,purchase,5
P00186,purchase,6
P00783,purchase,3
P00899,add_to_cart,9
P00810,purchase,5
P00745,add_to_cart,8
P00932,add_to_cart,13
P00041,purchase,7
P00010,add_to_cart,10
P00160,add_to_cart,10
P00602,add_to_cart,13
P00898,purchase,7
P00947,add_to_cart,9
P00865,add_to_cart,5
P00722,add_to_cart,6
P00576,add_to_cart,12
P00431,add_to_cart,9
P00441,purchase,1
P00274,purchase,4
P00672,purchase,6
P00253,purchase,4
P00954,add_to_cart,8
P00083,purchase,4
P00817,purchase,8
P00998,purchase,5
P00228,add_to_cart,13
P00267,add_to_cart,8
P00097,purchase,5
P00135,purchase,4
P00266,purchase,1
P00383,purchase,6
P00635,add_to_cart,12
P00680,purchase,2
P00851,purchase,5
P00145,purchase,7
P00438,view,25
P00507,add_to_cart,9
P00437,purchase,8
P00950,purchase,4
P00083,add_to_cart,12
P00659,purchase,5
P00894,purchase,4
P00042,add_to_cart,6
P00602,purchase,6
P00801,purchase,5
P00926,purchase,3
P00070,purchase,5
P00410,purchase,7
P00227,purchase,4
P00675,add_to_cart,10
P00682,add_to_cart,10
P00081,purchase,7
P00152,add_to_cart,7
P00024,purchase,8
P00479,add_to_cart,11
P00945,add_to_cart,9
P00036,view,28
P00888,add_to_cart,9
P00426,add_to_cart,8
P00392,purchase,4
P00335,purchase,7
P00564,purchase,2
P00492,add_to_cart,4
P00771,add_to_cart,6
P00043,add_to_cart,8
P00900,purchase,4
P00796,add_to_cart,9
P00583,purchase,5
P00365,add_to_cart,6
P00858,add_to_cart,9
P00172,purchase,6
P00607,purchase,5
P00797,add_to_cart,9
P00241,add_to_cart,11
P00831,purchase,5
P00457,add_to_cart,6
P00718,purchase,1
P00971,add_to_cart,9
P00336,add_to_cart,7
P00789,purchase,4
P00753,purchase,5
P00908,add_to_cart,10
P00118,add_to_cart,9
P00552,add_to_cart,11
P00245,purchase,7
P00117,add_to_cart,11
P00539,purchase,5
P00910,add_to_cart,14
P00023,add_to_cart,10
P00073,add_to_cart,8
P00508,view,31
P00319,add_to_cart,9
P00431,purchase,5
P00143,purchase,9
P00652,add_to_cart,9
P00389,purchase,6
P00459,add_to_cart,3
P00275,add_to_cart,9
P00727,purchase,9
P00104,add_to_cart,9
P00204,purchase,6
P00344,add_to_cart,7
P00085,add_to_cart,7
P00031,purchase,5
P00898,add_to_cart,6
P00076,purchase,7
P00472,add_to_cart,10
P00957,purchase,5
P00392,add_to_cart,10
P00237,purchase,5
P00922,add_to_cart,11
P00314,purchase,2
P00496,add_to_cart,11
P00961,add_to_cart,9
P00745,purchase,4
P00310,purchase,4
P00246,add_to_cart,15
P00984,add_to_cart,18
P00465,purchase,7
P00131,add_to_cart,9
P00399,purchase,4
P00341,purchase,9
P00355,add_to_cart,10
P00864,purchase,5
P00388,add_to_cart,6
P00860,add_to_cart,5
P00369,add_to_cart,6
P00717,add_to_cart,9
P00148,add_to_cart,8
P00316,purchase,3
P00503,purchase,4
P00856,purchase,5
P00664,purchase,8
P00823,add_to_cart,7
P00175,purchase,1
P00264,add_to_cart,13
P00518,add_to_cart,7
P00197,add_to_cart,7
P00578,add_to_cart,4
P00923,add_to_cart,13
P00157,purchase,5
P00822,add_to_cart,12
P00936,add_to_cart,11
P00307,purchase,6
P00478,purchase,8
P00417,purchase,5
P00216,purchase,2
P00967,add_to_cart,11
P00162,purchase,7
P00867,add_to_cart,9
P00618,purchase,4
P00396,add_to_cart,8
P00393,purchase,9
P00438,add_to_cart,7
P00484,purchase,2
P00942,purchase,2
P00712,add_to_cart,11
P00088,purchase,8
P00873,add_to_cart,12
P00487,purchase,2
P00982,purchase,3
P00632,purchase,6
P00468,purchase,7
P00152,purchase,5
P00975,purchase,1
P00650,purchase,4
P00543,purchase,4
P00789,add_to_cart,8
P00017,purchase,2
P00071,purchase,5
P00622,purchase,6
P00723,purchase,7
P00363,add_to_cart,8
P00462,purchase,2
P00244,purchase,2
P00494,add_to_cart,6
P00911,purchase,4
P00206,purchase,4
P00466,purchase,8
P00768,add_to_cart,3
P00774,purchase,6
P00051,purchase,4
P00038,add_to_cart,7
P00249,add_to_cart,10
P00809,purchase,4
P00483,purchase,4
P00120,add_to_cart,11
P00493,purchase,5
P00360,purchase,7
P00025,purchase,6
P00790,add_to_cart,7
P00401,purchase,6
P00492,purchase,10
P00855,purchase,7
P00384,purchase,4
P00334,purchase,6
P00020,add_to_cart,11
P00434,purchase,7
P00788,purchase,7
P00972,add_to_cart,9
P00768,purchase,3
P00660,add_to_cart,11
P00798,purchase,8
P00390,purchase,4
P00580,purchase,2
P00558,purchase,3
P00871,purchase,3
P00312,add_to_cart,5
P00348,add_to_cart,12
P00090,purchase,6
P00281,add_to_cart,9
P00289,purchase,4
P00787,purchase,8
P00406,purchase,4
P00793,purchase,2
P00583,add_to_cart,8
P00230,add_to_cart,10
P00588,add_to_cart,17
P00105,purchase,3
P00610,purchase,6
P00532,add_to_cart,8
P00813,purchase,7
P00601,add_to_cart,12
P00023,purchase,5
P00139,purchase,6
P00271,purchase,4
P00449,add_to_cart,7
P00721,purchase,4
P00016,add_to_cart,7
P00962,purchase,3
P00932,purchase,4
P00434,add_to_cart,4
P00501,purchase,4
P00140,purchase,5
P00996,purchase,5
P00065,add_to_cart,8
P00452,add_to_cart,9
P00235,purchase,4
P00283,purchase,3
P00708,add_to_cart,8
P00736,add_to_cart,5
P00754,add_to_cart,8
P00531,purchase,3
P00170,add_to_cart,15
P00532,purchase,1
P00299,purchase,3
P00925,purchase,4
P00591,purchase,3
P00551,purchase,4
P00739,purchase,9
P00559,purchase,4
P00067,purchase,2
P00989,add_to_cart,2
P00436,purchase,5
P00846,purchase,6
P00218,purchase,4
P00329,purchase,3
P00380,purchase,3
P00191,add_to_cart,7
P00732,purchase,3
P00619,purchase,4
P00171,add_to_cart,8
P00956,add_to_cart,17
P00251,purchase,6
P00121,add_to_cart,8
P00948,purchase,5
P00641,purchase,4
P00292,purchase,3
P00061,purchase,5
P00684,add_to_cart,9
P00164,purchase,6
P00528,purchase,8
P00561,add_to_cart,7
P00786,purchase,4
P00954,purchase,2
P00173,purchase,4
P00070,add_to_cart,3
P00362,purchase,7
P00907,purchase,2
P00891,add_to_cart,8
P00703,add_to_cart,6
P00150,purchase,4
P00779,add_to_cart,7
P00570,add_to_cart,9
P00378,purchase,6
P00154,add_to_cart,6
P00514,purchase,6
P00639,add_to_cart,9
P00403,purchase,3
P00413,purchase,5
P00552,purchase,7
P00533,add_to_cart,4
P00237,add_to_cart,7
P00625,purchase,6
P00304,purchase,7
P00006,add_to_cart,9
P00005,purchase,6
P00040,purchase,10
P00701,purchase,4
P00883,purchase,3
P00752,add_to_cart,8
P00984,purchase,5
P00461,purchase,7
P00199,purchase,4
P00916,purchase,6
P00092,purchase,7
P00633,purchase,8
P00834,purchase,3
P00126,purchase,4
P00473,add_to_cart,7
P00306,purchase,4
P00016,purchase,8
P00089,purchase,2
P00106,add_to_cart,9
P00940,purchase,2
P00810,add_to_cart,5
P00505,purchase,4
P00510,add_to_cart,6
P00380,add_to_cart,11
P00149,add_to_cart,9
P00908,purchase,4
P00311,purchase,5
P00269,add_to_cart,6
P00178,purchase,2
P00416,add_to_cart,9
P00439,add_to_cart,10
P00595,purchase,4
P00291,purchase,3
P00167,purchase,7
P00148,purchase,5
P00640,purchase,2
P00962,add_to_cart,4
P00430,add_to_cart,9
P00264,purchase,4
P00455,purchase,4
P00939,add_to_cart,10
P00808,purchase,5
P00149,purchase,7
P00115,purchase,4
P00748,purchase,3
P00346,add_to_cart,4
P00064,purchase,6
P00014,purchase,5
P00169,add_to_cart,8
P00654,purchase,6
P00629,purchase,6
P00134,purchase,2
P00711,add_to_cart,10
P00402,add_to_cart,6
P00284,purchase,6
P00103,add_to_cart,9
P00361,purchase,6
P00822,purchase,9
P00338,add_to_cart,6
P00091,purchase,3
P00705,purchase,3
P00485,purchase,3
P00796,purchase,6
P00758,purchase,6
P01000,purchase,6
P00806,purchase,4
P00367,add_to_cart,12
P00289,add_to_cart,7
P00197,purchase,4
P00012,purchase,3
P00137,purchase,3
P00069,purchase,6
P00044,purchase,5
P00107,add_to_cart,6
P00587,purchase,3
P00506,purchase,4
P00411,purchase,2
P00523,purchase,4
P00312,purchase,5
P00725,purchase,2
P00709,add_to_cart,8
P00747,purchase,6
P00791,add_to_cart,2
P00740,purchase,7
P00146,purchase,4
P00108,purchase,4
P00128,purchase,6
P00198,purchase,6
P00127,add_to_cart,3
P00180,purchase,5
P00866,purchase,4
P00829,purchase,4
P00228,purchase,2
P00226,purchase,2
P00741,add_to_cart,6
P00652,purchase,5
P00939,purchase,3
P00144,purchase,4
P00400,purchase,7
P00803,purchase,3
P00881,add_to_cart,6
P00556,purchase,4
P00698,purchase,4
P00553,purchase,4
P00941,purchase,4
P00026,add_to_cart,9
P00222,purchase,3
P00052,purchase,2
P00529,purchase,4
P00628,purchase,7
P00585,purchase,3
P00524,purchase,6
P00879,add_to_cart,7
P00883,add_to_cart,14
P00890,purchase,7
P00242,purchase,5
P00102,add_to_cart,9
P00229,purchase,3
P00068,purchase,3
P00630,purchase,2
P00765,purchase,2
P00849,add_to_cart,5
P00610,add_to_cart,8
P00680,add_to_cart,7
P00156,purchase,6
P00133,purchase,5
P00087,purchase,5
P00660,view,22
P00234,add_to_cart,8
P00303,purchase,3
P00563,purchase,5
P00249,purchase,1
P00612,purchase,6
P00079,add_to_cart,4
P00240,purchase,3
P00488,purchase,3
P00404,purchase,1
P00451,purchase,3
P00078,purchase,8
P00122,purchase,5
P00638,add_to_cart,8
P00913,add_to_cart,9
P00557,purchase,3
P00651,add_to_cart,6
P00733,purchase,5
P00008,add_to_cart,8
P00464,purchase,4
P00467,purchase,6
P00525,purchase,4
P00161,purchase,8
P00986,purchase,7
P00188,add_to_cart,8
P00114,purchase,5
P00100,purchase,6
P00166,purchase,1
P00112,purchase,4
P00569,purchase,4
P00778,purchase,5
P00798,add_to_cart,7
P00952,purchase,6
P00819,purchase,3
P00168,add_to_cart,15
P00476,add_to_cart,9
P00336,purchase,3
P00548,purchase,3
P00066,purchase,5
P00866,add_to_cart,8
P00190,purchase,4
P00530,add_to_cart,15
P00113,purchase,8
P00050,purchase,6
P00730,purchase,3
P00679,purchase,2
P00682,purchase,5
P00518,purchase,4
P00055,add_to_cart,9
P00578,purchase,5
P00534,add_to_cart,7
P00670,purchase,4
P00086,add_to_cart,8
P00444,add_to_cart,6
P00345,purchase,3
P00110,purchase,5
P00729,purchase,3
P00469,purchase,2
P00333,add_to_cart,11
P00960,purchase,4
P00912,purchase,8
P00720,purchase,7
P00515,purchase,2
P00238,purchase,10
P00611,purchase,2
P00330,purchase,4
P00379,purchase,5
P00923,purchase,3
P00344,purchase,6
P00171,purchase,2
P00837,add_to_cart,6
P00006,purchase,5
P00445,purchase,4
P00655,purchase,5
P00104,purchase,6
P00802,add_to_cart,7
P00035,add_to_cart,5
P00471,purchase,4
P00026,purchase,3
P00918,purchase,7
P00792,purchase,3
P00937,purchase,5
P00772,purchase,5
P00216,add_to_cart,5
P00428,purchase,4
P00333,purchase,9
P00120,purchase,4
P00690,add_to_cart,6
P00443,purchase,4
P00256,add_to_cart,7
P00558,add_to_cart,5
P00882,purchase,7
P00895,purchase,5
P00702,purchase,3
P00300,purchase,3
P00317,purchase,3
P00427,purchase,5
P00147,purchase,2
P00169,purchase,4
P00285,purchase,4
P00269,purchase,3
P00058,purchase,3
P00582,add_to_cart,7
P00189,purchase,7
P00186,add_to_cart,10
P00812,add_to_cart,2
P00731,purchase,3
P00797,purchase,6
P00966,purchase,8
P00889,purchase,7
P00816,purchase,3
P00219,purchase,3
P00500,purchase,6
P00123,purchase,3
P00053,add_to_cart,6
P00635,purchase,2
P00697,purchase,1
P00683,purchase,5
P00094,purchase,3
P00133,add_to_cart,3
P00232,purchase,1
P00901,purchase,6
P00614,purchase,3
P00453,add_to_cart,7
P00325,purchase,4
P00418,purchase,2
P00660,purchase,3
P00504,purchase,5
P00142,purchase,5
P00453,purchase,5
P00704,purchase,1
P00265,purchase,6
P00942,add_to_cart,5
P00127,purchase,6
P00323,purchase,7
P00581,purchase,3
P00985,purchase,4
P00943,purchase,1
P00762,purchase,3
P00281,purchase,4
P00221,purchase,2
P00460,purchase,5
P00472,purchase,4
P00653,purchase,3
P00381,purchase,2
P00547,purchase,6
P00823,purchase,6
P00256,purchase,3
P00706,add_to_cart,5
P00668,purchase,3
P00636,purchase,5
P00530,purchase,6
P00927,purchase,4
P00002,purchase,3
P00991,add_to_cart,4
P00350,purchase,4
P00365,purchase,1
P00491,purchase,3
P00125,purchase,6
P00354,purchase,3
P00138,purchase,3
P00494,purchase,5
P00308,purchase,4
P00328,purchase,1
P00695,purchase,1
P00387,purchase,5
P00276,purchase,2
P00776,purchase,2
P00439,purchase,2
P00363,purchase,3
P00526,purchase,8
P00079,purchase,1
P00800,purchase,1
P00055,purchase,2
P00638,purchase,5
P00949,purchase,4
P00897,purchase,1
P00313,purchase,2
P00820,add_to_cart,6
P00665,purchase,3
P00030,add_to_cart,5
P00248,add_to_cart,5
P00293,purchase,3
P00429,purchase,2
P00891,purchase,3
P00780,purchase,4
P00812,purchase,2
P00710,purchase,3
P00862,purchase,6
P00319,purchase,3
P00649,purchase,3
P00200,purchase,4
P00185,purchase,2
P00217,purchase,2
P00770,purchase,2
P00849,purchase,2
P00517,purchase,2
P00944,purchase,3
P00257,purchase,3
P00570,purchase,3
P00958,purchase,1
P00893,purchase,2
P00773,purchase,1
P00007,purchase,1
P00359,add_to_cart,2
P00639,purchase,2
P00054,add_to_cart,3
P00736,purchase,2
P00339,purchase,2
P00084,purchase,1
P00182,purchase,3
P00288,purchase,2
P00676,purchase,3
P00946,purchase,3
P00973,purchase,2
P00575,purchase,2
P00459,purchase,1
P00355,purchase,1
P00737,purchase,1
P00576,purchase,1
P00875,purchase,1
P00357,purchase,3
P00735,purchase,1
